<?xml version="1.0" encoding="UTF-8"?>

<beans xmlns="http://www.springframework.org/schema/beans"
	xmlns:xsi="http://www.w3.org/2001/XMLSchema-instance" 
	xmlns:p="http://www.springframework.org/schema/p"
	xmlns:context="http://www.springframework.org/schema/context" 
	xmlns:aop="http://www.springframework.org/schema/aop" 
	xmlns:mvc="http://www.springframework.org/schema/mvc"
	xsi:schemaLocation="http://www.springframework.org/schema/beans 
	http://www.springframework.org/schema/beans/spring-beans-4.2.xsd 
	http://www.springframework.org/schema/tx 
	http://www.springframework.org/schema/tx/spring-tx-4.1.xsd 
	http://www.springframework.org/schema/context 
	http://www.springframework.org/schema/context/spring-context-4.2.xsd
	http://www.springframework.org/schema/aop 
	http://www.springframework.org/schema/aop/spring-aop-4.1.xsd
	http://www.springframework.org/schema/mvc    
    http://www.springframework.org/schema/mvc/spring-mvc-4.2.xsd
	"
	xmlns:tx="http://www.springframework.org/schema/tx">
	

<bean class="org.springframework.web.servlet.mvc.method.annotation.RequestMappingHandlerAdapter" >    
        <property name="messageConverters">    
        <list>    
          <bean class="org.springframework.http.converter.StringHttpMessageConverter">  
                <property name="supportedMediaTypes">  
                    <list>  
                        <value>text/plain;charset=UTF-8</value>
                    </list>  
                </property>  
            </bean>  
        </list>  
    </property>    
  </bean>
    <bean id="jsonConverter" class="org.springframework.http.converter.json.MappingJackson2HttpMessageConverter">
        <property name="supportedMediaTypes" value="application/json;charset=UTF-8" />
    </bean>
</beans>