<?xml version="1.0" encoding="UTF-8" ?>
<beans xmlns="http://www.springframework.org/schema/beans"
	xmlns:xsi="http://www.w3.org/2001/XMLSchema-instance"
	xmlns:context="http://www.springframework.org/schema/context" 
	xmlns:aop="http://www.springframework.org/schema/aop" 
	xmlns:mvc="http://www.springframework.org/schema/mvc"
	xmlns:jpa="http://www.springframework.org/schema/data/jpa"
	xmlns:tx="http://www.springframework.org/schema/tx"
	xsi:schemaLocation="http://www.springframework.org/schema/beans 
	http://www.springframework.org/schema/beans/spring-beans-4.2.xsd 
	http://www.springframework.org/schema/tx 
	http://www.springframework.org/schema/tx/spring-tx-4.0.xsd
	http://www.springframework.org/schema/context 
	http://www.springframework.org/schema/context/spring-context-4.2.xsd
	http://www.springframework.org/schema/aop 
	http://www.springframework.org/schema/aop/spring-aop-4.1.xsd
	http://www.springframework.org/schema/data/jpa
	http://www.springframework.org/schema/data/jpa/spring-jpa.xsd
	http://www.springframework.org/schema/mvc    
    http://www.springframework.org/schema/mvc/spring-mvc-4.2.xsd
	"
	>
	
	<context:component-scan base-package="com.alienlab.*"/>

	<mvc:annotation-driven />
	
	 

	<!-- 引入druid连接池配置文件 -->
	<bean class="org.springframework.beans.factory.config.PropertyPlaceholderConfigurer">
		<property name="locations">
			<list>
				<value>classpath:dbconfig.properties</value>
			</list>
		</property>
	</bean>
	

	<!-- 定义数据源 使用druid连接池 -->
	
	<bean id="dataSource"
		class="com.alibaba.druid.pool.DruidDataSource" init-method="init" destroy-method="close">
		<property name="driverClassName" value="${driverClassName}" />
		<property name="url" value="${url}" />
		<property name="username" value="${username}" />
		<property name="password" value="${password}" />
		<!-- 初始化连接数量 type:int -->
		<property name="initialSize" value="${initialSize}" />
		<!-- 最大并发数量 type:int -->
		<property name="maxActive" value="${maxActive}" />
		<!-- 最小空闲数量 type:int -->
		<property name="minIdle" value="${minIdle}" />
		<!-- 配置获取连接等待超时的时间,单位：毫秒 type:long -->
		<property name="maxWait" value="${maxWait}" />
		<!-- 超过时间限制是否回收 type:boolean -->
		<property name="removeAbandoned" value="${removeAbandoned}" />
		<!-- 上述回收超时时间 单位：秒 type:long -->
		<property name="removeAbandonedTimeout" value="${removeAbandonedTimeout}" />
		<!-- 配置间隔多久才进行一次检测，检测需要关闭的空闲连接，单位是毫秒 -->
		<property name="timeBetweenEvictionRunsMillis" value="${timeBetweenEvictionRunsMillis}" />
		<!-- 配置一个连接在池中最小生存的时间，单位是毫秒 -->
		<property name="minEvictableIdleTimeMillis" value="${minEvictableIdleTimeMillis}" />
		<!-- 用来检测连接是否有效的sql，要求是一个查询语句 type:sql -->
		<property name="validationQuery" value="${validationQuery}" />
		<!-- 申请连接的时候检测 type:boolean -->
		<property name="testWhileIdle" value="${testWhileIdle}" />
		<!-- 申请连接时执行validationQuery检测连接是否有效，配置为true会降低性能 -->
		<property name="testOnBorrow" value="${testOnBorrow}" />
		<!-- 归还连接时执行validationQuery检测连接是否有效，配置为true会降低性能  -->
		<property name="testOnReturn" value="${testOnReturn}" />
		<!--属性类型是字符串，通过别名的方式配置扩展插件，常用的插件有：                 
                监控统计用的filter:stat
                日志用的filter:log4j
               防御SQL注入的filter:wall -->
		<property name="filters" value="${filters}" />
	</bean>
	
	<!-- 定义实体类管理工厂 -->
	<bean id="entityManagerFactory"
		class="org.springframework.orm.jpa.LocalContainerEntityManagerFactoryBean">
		<!-- 注入数据源 -->
		<property name="dataSource" ref="dataSource" />
		<!-- 指定Jpa持久化实现厂商类,这里以Hibernate为例 -->
		<property name="jpaVendorAdapter" ref="hibernateJpaVendorAdapter" />
		<!-- 指定自动扫描的注解实体类包 -->
		<property name="packagesToScan">
			<array>
                <value>com.alienlab.repositories.entity</value>
            </array>
		</property>
		<property name="jpaProperties">
			<props>
				<prop key="hibernate.dialect">org.hibernate.dialect.MySQL5Dialect</prop>
				<prop key="hibernate.ejb.naming_strategy">org.hibernate.cfg.ImprovedNamingStrategy</prop>
				<prop key="hibernate.cache.provider_class">org.hibernate.cache.NoCacheProvider</prop>
				<prop key="hibernate.show_sql">true</prop>
				<prop key="hibernate.format_sql">true</prop>
				<prop key="hibernate.hbm2ddl.auto">validate</prop>
			</props>
		</property>
	</bean>
	
	<!-- Hibernate对Jpa的实现 -->
    <bean id="hibernateJpaVendorAdapter" class="org.springframework.orm.jpa.vendor.HibernateJpaVendorAdapter"/>

    <!-- Jpa 事务管理器  -->
    <bean id="transactionManager" class="org.springframework.orm.jpa.JpaTransactionManager">
        <property name="entityManagerFactory" ref="entityManagerFactory"/>
    </bean>

<!-- 扫描DAO interface包，自动完成DAO注入 添加事务管理 -->
	<jpa:repositories 
		base-package="com.alienlab"
		transaction-manager-ref="transactionManager" 
		entity-manager-factory-ref="entityManagerFactory" 
		factory-class="org.springframework.data.jpa.repository.support.JpaRepositoryFactoryBean"
	/>
	
    <!-- 开启注解事务 -->
    <tx:annotation-driven transaction-manager="transactionManager" proxy-target-class="true" />
	
	<!-- 启动对@AspectJ（面向切面）注解的支持 -->
	<aop:aspectj-autoproxy/>
	
	
</beans>